sample	phylum	occurrence
MH0016	Bacteroidota	17
MH0016	Firmicutes_A	22
MH0016	Firmicutes_C	1
MH0016	Proteobacteria	3
MH0035	Bacteroidota	3
MH0035	Firmicutes	3
MH0035	Firmicutes_A	6
MH0047	Bacteroidota	2
MH0047	Firmicutes	1
MH0047	Firmicutes_A	5
MH0047	Firmicutes_C	1
MH0047	Proteobacteria	1
MH0049	Bacteroidota	20
MH0049	Firmicutes_A	14
MH0049	Firmicutes_C	1
MH0054	Bacteroidota	7
MH0054	Firmicutes	3
MH0054	Firmicutes_A	3
MH0057	Bacteroidota	6
MH0057	Firmicutes_A	1
MH0064	Bacteroidota	2
MH0067	Bacteroidota	2
MH0067	Cyanobacteria	1
MH0073	Bacteroidota	7
MH0077	Bacteroidota	5
MH0077	Firmicutes	1
MH0077	Firmicutes_A	5
MH0082	Bacteroidota	1
MH0082	Firmicutes_A	1
MH0086	Bacteroidota	11
MH0086	Cyanobacteria	2
MH0086	Firmicutes	8
MH0086	Firmicutes_A	41
MH0086	Firmicutes_C	1
MH0086	Proteobacteria	1
MH0087	Bacteroidota	19
MH0087	Firmicutes	3
MH0087	Firmicutes_A	13
MH0087	Firmicutes_C	2
MH0087	Verrucomicrobiota	1
MH0088	Bacteroidota	21
MH0088	Firmicutes	3
MH0088	Firmicutes_A	50
MH0088	Firmicutes_C	1
MH0088	Proteobacteria	1
MH0096	Bacteroidota	12
MH0096	Firmicutes	14
MH0096	Firmicutes_A	44
MH0096	Firmicutes_C	3
MH0096	Spirochaetota	1
MH0101	Bacteroidota	16
MH0101	Firmicutes	4
MH0101	Firmicutes_A	25
MH0109	Bacteroidota	26
MH0109	Firmicutes	2
MH0109	Firmicutes_A	30
MH0109	Firmicutes_C	1
MH0109	Proteobacteria	2
MH0114	Bacteroidota	24
MH0114	Firmicutes	4
MH0114	Firmicutes_A	22
MH0114	Firmicutes_C	1
MH0114	Proteobacteria	1
MH0119	Actinobacteriota	2
MH0119	Bacteroidota	40
MH0119	Firmicutes	3
MH0119	Firmicutes_A	54
MH0119	Firmicutes_C	1
MH0119	Proteobacteria	3
MH0119	Verrucomicrobiota	1
MH0120	Bacteroidota	32
MH0120	Firmicutes	10
MH0120	Firmicutes_A	35
MH0120	Firmicutes_C	4
MH0120	Proteobacteria	2
MH0128	Actinobacteriota	1
MH0128	Bacteroidota	26
MH0128	Firmicutes	1
MH0128	Firmicutes_A	33
MH0128	Firmicutes_C	1
MH0128	Proteobacteria	3
MH0129	Actinobacteriota	1
MH0129	Bacteroidota	28
MH0129	Cyanobacteria	1
MH0129	Firmicutes	8
MH0129	Firmicutes_A	46
MH0129	Firmicutes_C	1
MH0129	Proteobacteria	2
MH0132	Actinobacteriota	1
MH0132	Bacteroidota	20
MH0132	Euryarchaeota	1
MH0132	Firmicutes	10
MH0132	Firmicutes_A	56
MH0132	Firmicutes_C	3
MH0132	Spirochaetota	1
MH0135	Bacteroidota	33
MH0135	Cyanobacteria	1
MH0135	Firmicutes	9
MH0135	Firmicutes_A	37
MH0135	Firmicutes_C	2
MH0135	Proteobacteria	5
MH0149	Bacteroidota	24
MH0149	Cyanobacteria	1
MH0149	Firmicutes	5
MH0149	Firmicutes_A	41
MH0149	Firmicutes_C	1
MH0149	Proteobacteria	1
MH0149	Verrucomicrobiota	1
MH0155	Bacteroidota	28
MH0155	Cyanobacteria	1
MH0155	Firmicutes	4
MH0155	Firmicutes_A	34
MH0155	Firmicutes_C	1
MH0155	Proteobacteria	2
MH0161	Actinobacteriota	6
MH0161	Bacteroidota	29
MH0161	Firmicutes	11
MH0161	Firmicutes_A	72
MH0161	Firmicutes_C	3
MH0161	Proteobacteria	3
MH0167	Bacteroidota	29
MH0167	Firmicutes	2
MH0167	Firmicutes_A	28
MH0167	Firmicutes_C	1
MH0167	Proteobacteria	2
MH0169	Bacteroidota	24
MH0169	Cyanobacteria	1
MH0169	Firmicutes	3
MH0169	Firmicutes_A	35
MH0169	Firmicutes_C	1
MH0169	Proteobacteria	1
MH0170	Bacteroidota	25
MH0170	Firmicutes	2
MH0170	Firmicutes_A	62
MH0170	Firmicutes_C	1
MH0170	Proteobacteria	3
MH0177	Bacteroidota	31
MH0177	Firmicutes	4
MH0177	Firmicutes_A	34
MH0177	Firmicutes_C	6
MH0177	Proteobacteria	3
MH0183	Actinobacteriota	1
MH0183	Bacteroidota	30
MH0183	Cyanobacteria	3
MH0183	Firmicutes	23
MH0183	Firmicutes_A	78
MH0183	Firmicutes_C	3
MH0191	Actinobacteriota	8
MH0191	Bacteroidota	33
MH0191	Cyanobacteria	1
MH0191	Desulfobacterota_A	1
MH0191	Firmicutes	10
MH0191	Firmicutes_A	68
MH0191	Firmicutes_C	2
MH0191	Proteobacteria	6
MH0197	Actinobacteriota	6
MH0197	Bacteroidota	22
MH0197	Cyanobacteria	1
MH0197	Desulfobacterota_A	1
MH0197	Euryarchaeota	1
MH0197	Firmicutes	13
MH0197	Firmicutes_A	76
MH0197	Firmicutes_C	1
MH0197	Proteobacteria	1
MH0197	Verrucomicrobiota	1
MH0206	Actinobacteriota	2
MH0206	Bacteroidota	38
MH0206	Cyanobacteria	1
MH0206	Desulfobacterota_A	1
MH0206	Firmicutes	11
MH0206	Firmicutes_A	84
MH0206	Firmicutes_C	1
MH0206	Proteobacteria	5
MH0206	Verrucomicrobiota	1
MH0212	Actinobacteriota	2
MH0212	Bacteroidota	31
MH0212	Cyanobacteria	2
MH0212	Desulfobacterota_A	1
MH0212	Firmicutes	11
MH0212	Firmicutes_A	51
MH0212	Firmicutes_C	1
MH0212	Proteobacteria	3
MH0212	Verrucomicrobiota	1
MH0222	Actinobacteriota	1
MH0222	Bacteroidota	25
MH0222	Cyanobacteria	1
MH0222	Desulfobacterota_A	1
MH0222	Firmicutes	20
MH0222	Firmicutes_A	88
MH0222	Firmicutes_C	1
MH0222	Proteobacteria	3
MH0227	Actinobacteriota	5
MH0227	Bacteroidota	29
MH0227	Desulfobacterota_A	1
MH0227	Firmicutes	6
MH0227	Firmicutes_A	52
MH0227	Firmicutes_C	1
MH0227	Proteobacteria	3
MH0229	Actinobacteriota	2
MH0229	Bacteroidota	27
MH0229	Cyanobacteria	1
MH0229	Desulfobacterota_A	1
MH0229	Euryarchaeota	1
MH0229	Firmicutes	15
MH0229	Firmicutes_A	84
MH0229	Firmicutes_C	1
MH0229	Proteobacteria	4
MH0229	Verrucomicrobiota	1
MH0234	Actinobacteriota	3
MH0234	Bacteroidota	34
MH0234	Desulfobacterota_A	1
MH0234	Firmicutes	7
MH0234	Firmicutes_A	78
MH0234	Firmicutes_C	2
MH0234	Proteobacteria	8
MH0238	Actinobacteriota	8
MH0238	Bacteroidota	31
MH0238	Firmicutes	8
MH0238	Firmicutes_A	71
MH0238	Firmicutes_C	2
MH0238	Proteobacteria	4
MH0252	Actinobacteriota	3
MH0252	Bacteroidota	43
MH0252	Cyanobacteria	4
MH0252	Desulfobacterota_A	1
MH0252	Firmicutes	16
MH0252	Firmicutes_A	89
MH0252	Firmicutes_C	2
MH0252	Proteobacteria	4
MH0252	Verrucomicrobiota	1
MH0253	Actinobacteriota	2
MH0253	Bacteroidota	32
MH0253	Cyanobacteria	1
MH0253	Desulfobacterota_A	1
MH0253	Firmicutes	12
MH0253	Firmicutes_A	86
MH0253	Firmicutes_C	1
MH0253	Proteobacteria	5
MH0253	Thermoplasmatota	1
MH0253	Verrucomicrobiota	1
MH0259	Actinobacteriota	8
MH0259	Bacteroidota	33
MH0259	Desulfobacterota_A	1
MH0259	Firmicutes	7
MH0259	Firmicutes_A	83
MH0259	Firmicutes_C	1
MH0259	Proteobacteria	4
MH0259	Spirochaetota	1
MH0260	Actinobacteriota	4
MH0260	Bacteroidota	34
MH0260	Cyanobacteria	1
MH0260	Desulfobacterota_A	2
MH0260	Firmicutes	12
MH0260	Firmicutes_A	75
MH0260	Firmicutes_C	6
MH0260	Proteobacteria	9
MH0261	Actinobacteriota	3
MH0261	Bacteroidota	28
MH0261	Cyanobacteria	1
MH0261	Desulfobacterota_A	1
MH0261	Firmicutes	3
MH0261	Firmicutes_A	43
MH0261	Firmicutes_C	1
MH0261	Proteobacteria	2
MH0261	Verrucomicrobiota	1
MH0264	Actinobacteriota	1
MH0264	Bacteroidota	26
MH0264	Desulfobacterota_A	1
MH0264	Firmicutes	5
MH0264	Firmicutes_A	57
MH0264	Firmicutes_C	1
MH0264	Proteobacteria	2
MH0264	Verrucomicrobiota	1
MH0266	Actinobacteriota	4
MH0266	Bacteroidota	28
MH0266	Desulfobacterota_A	1
MH0266	Firmicutes	3
MH0266	Firmicutes_A	66
MH0266	Firmicutes_C	1
MH0266	Proteobacteria	3
MH0266	Verrucomicrobiota	1
MH0271	Actinobacteriota	2
MH0271	Bacteroidota	31
MH0271	Cyanobacteria	2
MH0271	Firmicutes	9
MH0271	Firmicutes_A	70
MH0271	Firmicutes_C	1
MH0271	Proteobacteria	3
MH0271	Verrucomicrobiota	1
MH0276	Actinobacteriota	4
MH0276	Bacteroidota	25
MH0276	Cyanobacteria	1
MH0276	Firmicutes	19
MH0276	Firmicutes_A	93
MH0276	Firmicutes_C	8
MH0276	Proteobacteria	2
MH0276	Verrucomicrobiota	2
MH0281	Actinobacteriota	2
MH0281	Bacteroidota	31
MH0281	Cyanobacteria	3
MH0281	Desulfobacterota_A	1
MH0281	Firmicutes	6
MH0281	Firmicutes_A	67
MH0281	Firmicutes_C	2
MH0281	Proteobacteria	5
MH0281	Verrucomicrobiota	1
MH0283	Actinobacteriota	1
MH0283	Bacteroidota	31
MH0283	Desulfobacterota_A	1
MH0283	Firmicutes	3
MH0283	Firmicutes_A	42
MH0283	Firmicutes_C	3
MH0283	Proteobacteria	3
MH0286	Actinobacteriota	4
MH0286	Bacteroidota	32
MH0286	Cyanobacteria	1
MH0286	Desulfobacterota_A	2
MH0286	Firmicutes	14
MH0286	Firmicutes_A	71
MH0286	Firmicutes_C	2
MH0286	Proteobacteria	2
MH0288	Actinobacteriota	1
MH0288	Bacteroidota	37
MH0288	Cyanobacteria	2
MH0288	Firmicutes	8
MH0288	Firmicutes_A	75
MH0288	Firmicutes_C	8
MH0288	Proteobacteria	4
MH0288	Verrucomicrobiota	1
MH0289	Actinobacteriota	3
MH0289	Bacteroidota	30
MH0289	Cyanobacteria	1
MH0289	Desulfobacterota_A	1
MH0289	Firmicutes	6
MH0289	Firmicutes_A	66
MH0289	Firmicutes_C	1
MH0289	Proteobacteria	2
MH0298	Actinobacteriota	4
MH0298	Bacteroidota	38
MH0298	Cyanobacteria	1
MH0298	Desulfobacterota_A	1
MH0298	Firmicutes	9
MH0298	Firmicutes_A	76
MH0298	Firmicutes_C	1
MH0298	Proteobacteria	4
MH0299	Actinobacteriota	1
MH0299	Bacteroidota	27
MH0299	Desulfobacterota_A	1
MH0299	Firmicutes	4
MH0299	Firmicutes_A	48
MH0299	Firmicutes_C	1
MH0299	Proteobacteria	1
MH0302	Bacteroidota	26
MH0302	Cyanobacteria	1
MH0302	Firmicutes	6
MH0302	Firmicutes_A	46
MH0302	Proteobacteria	1
MH0302	Verrucomicrobiota	1
MH0308	Actinobacteriota	1
MH0308	Bacteroidota	39
MH0308	Cyanobacteria	1
MH0308	Desulfobacterota_A	1
MH0308	Firmicutes	13
MH0308	Firmicutes_A	71
MH0308	Firmicutes_C	2
MH0308	Proteobacteria	5
MH0308	Verrucomicrobiota	1
MH0309	Actinobacteriota	2
MH0309	Bacteroidota	31
MH0309	Euryarchaeota	1
MH0309	Firmicutes	6
MH0309	Firmicutes_A	79
MH0309	Proteobacteria	4
MH0309	Synergistota	1
MH0309	Thermoplasmatota	1
MH0309	Verrucomicrobiota	1
MH0310	Actinobacteriota	1
MH0310	Bacteroidota	26
MH0310	Cyanobacteria	1
MH0310	Desulfobacterota_A	1
MH0310	Firmicutes	3
MH0310	Firmicutes_A	70
MH0310	Firmicutes_C	1
MH0310	Proteobacteria	3
MH0311	Actinobacteriota	7
MH0311	Bacteroidota	32
MH0311	Desulfobacterota_A	1
MH0311	Firmicutes	7
MH0311	Firmicutes_A	43
MH0311	Firmicutes_C	3
MH0311	Proteobacteria	2
MH0314	Bacteroidota	30
MH0314	Euryarchaeota	1
MH0314	Firmicutes	10
MH0314	Firmicutes_A	73
MH0314	Firmicutes_C	1
MH0314	Proteobacteria	4
MH0323	Actinobacteriota	2
MH0323	Bacteroidota	40
MH0323	Desulfobacterota_A	1
MH0323	Firmicutes	8
MH0323	Firmicutes_A	68
MH0323	Firmicutes_C	4
MH0323	Proteobacteria	4
MH0323	Verrucomicrobiota	1
MH0327	Actinobacteriota	7
MH0327	Bacteroidota	26
MH0327	Desulfobacterota_A	1
MH0327	Firmicutes	3
MH0327	Firmicutes_A	44
MH0327	Firmicutes_C	2
MH0327	Proteobacteria	1
MH0328	Actinobacteriota	4
MH0328	Bacteroidota	39
MH0328	Desulfobacterota_A	1
MH0328	Euryarchaeota	1
MH0328	Firmicutes	6
MH0328	Firmicutes_A	72
MH0328	Firmicutes_C	1
MH0328	Proteobacteria	1
MH0328	Verrucomicrobiota	1
MH0329	Actinobacteriota	5
MH0329	Bacteroidota	30
MH0329	Cyanobacteria	1
MH0329	Desulfobacterota_A	2
MH0329	Euryarchaeota	1
MH0329	Firmicutes	19
MH0329	Firmicutes_A	83
MH0329	Firmicutes_C	1
MH0329	Proteobacteria	1
MH0329	Thermoplasmatota	1
MH0329	Verrucomicrobiota	1
MH0334	Actinobacteriota	7
MH0334	Bacteroidota	29
MH0334	Euryarchaeota	1
MH0334	Firmicutes	6
MH0334	Firmicutes_A	71
MH0334	Firmicutes_C	1
MH0334	Proteobacteria	2
MH0334	Spirochaetota	1
MH0335	Actinobacteriota	2
MH0335	Bacteroidota	31
MH0335	Desulfobacterota_A	1
MH0335	Firmicutes	8
MH0335	Firmicutes_A	34
MH0335	Firmicutes_C	5
MH0335	Proteobacteria	5
MH0339	Actinobacteriota	2
MH0339	Bacteroidota	30
MH0339	Cyanobacteria	1
MH0339	Desulfobacterota_A	1
MH0339	Euryarchaeota	1
MH0339	Firmicutes	12
MH0339	Firmicutes_A	77
MH0339	Firmicutes_C	2
MH0339	Proteobacteria	4
MH0339	Verrucomicrobiota	1
MH0343	Actinobacteriota	3
MH0343	Bacteroidota	33
MH0343	Cyanobacteria	2
MH0343	Desulfobacterota_A	2
MH0343	Euryarchaeota	1
MH0343	Firmicutes	5
MH0343	Firmicutes_A	66
MH0343	Firmicutes_C	2
MH0343	Proteobacteria	4
MH0343	Synergistota	1
MH0343	Thermoplasmatota	1
MH0343	Verrucomicrobiota	3
MH0346	Actinobacteriota	2
MH0346	Bacteroidota	27
MH0346	Firmicutes	9
MH0346	Firmicutes_A	74
MH0346	Firmicutes_C	5
MH0346	Proteobacteria	2
MH0346	Verrucomicrobiota	1
MH0347	Actinobacteriota	8
MH0347	Bacteroidota	33
MH0347	Firmicutes	5
MH0347	Firmicutes_A	55
MH0347	Firmicutes_C	1
MH0347	Proteobacteria	1
MH0349	Actinobacteriota	5
MH0349	Bacteroidota	23
MH0349	Euryarchaeota	1
MH0349	Firmicutes	6
MH0349	Firmicutes_A	88
MH0349	Firmicutes_C	1
MH0349	Proteobacteria	1
MH0349	Spirochaetota	1
MH0349	Verrucomicrobiota	1
MH0354	Actinobacteriota	6
MH0354	Bacteroidota	30
MH0354	Euryarchaeota	1
MH0354	Firmicutes	12
MH0354	Firmicutes_A	49
MH0354	Firmicutes_C	6
MH0354	Proteobacteria	1
MH0354	Verrucomicrobiota	1
MH0355	Actinobacteriota	5
MH0355	Bacteroidota	30
MH0355	Cyanobacteria	3
MH0355	Desulfobacterota_A	2
MH0355	Euryarchaeota	1
MH0355	Firmicutes	26
MH0355	Firmicutes_A	90
MH0355	Firmicutes_C	1
MH0355	Proteobacteria	3
MH0358	Actinobacteriota	1
MH0358	Bacteroidota	34
MH0358	Cyanobacteria	1
MH0358	Firmicutes	3
MH0358	Firmicutes_A	41
MH0358	Firmicutes_C	1
MH0358	Proteobacteria	3
MH0359	Actinobacteriota	4
MH0359	Bacteroidota	31
MH0359	Desulfobacterota_A	1
MH0359	Firmicutes	1
MH0359	Firmicutes_A	67
MH0359	Firmicutes_C	4
MH0359	Proteobacteria	7
MH0359	Verrucomicrobiota	1
MH0361	Actinobacteriota	2
MH0361	Bacteroidota	36
MH0361	Firmicutes	4
MH0361	Firmicutes_A	62
MH0361	Firmicutes_C	1
MH0361	Proteobacteria	1
MH0362	Actinobacteriota	7
MH0362	Bacteroidota	38
MH0362	Cyanobacteria	1
MH0362	Desulfobacterota_A	2
MH0362	Euryarchaeota	1
MH0362	Firmicutes	7
MH0362	Firmicutes_A	71
MH0362	Firmicutes_C	1
MH0362	Verrucomicrobiota	2
MH0364	Actinobacteriota	3
MH0364	Bacteroidota	35
MH0364	Cyanobacteria	2
MH0364	Desulfobacterota_A	1
MH0364	Firmicutes	14
MH0364	Firmicutes_A	78
MH0364	Firmicutes_C	1
MH0364	Proteobacteria	4
MH0364	Verrucomicrobiota	1
MH0365	Actinobacteriota	2
MH0365	Bacteroidota	37
MH0365	Cyanobacteria	1
MH0365	Desulfobacterota_A	1
MH0365	Firmicutes	12
MH0365	Firmicutes_A	75
MH0365	Firmicutes_C	6
MH0365	Proteobacteria	7
MH0365	Verrucomicrobiota	1
MH0366	Actinobacteriota	9
MH0366	Bacteroidota	27
MH0366	Desulfobacterota_A	1
MH0366	Euryarchaeota	1
MH0366	Firmicutes	6
MH0366	Firmicutes_A	60
MH0366	Proteobacteria	2
MH0366	Verrucomicrobiota	1
MH0368	Bacteroidota	37
MH0368	Cyanobacteria	1
MH0368	Euryarchaeota	1
MH0368	Firmicutes	17
MH0368	Firmicutes_A	59
MH0368	Firmicutes_C	1
MH0368	Proteobacteria	2
MH0369	Actinobacteriota	2
MH0369	Bacteroidota	31
MH0369	Cyanobacteria	6
MH0369	Desulfobacterota_A	2
MH0369	Euryarchaeota	1
MH0369	Firmicutes	16
MH0369	Firmicutes_A	58
MH0369	Firmicutes_C	1
MH0369	Proteobacteria	4
MH0369	Verrucomicrobiota	1
MH0371	Actinobacteriota	1
MH0371	Bacteroidota	32
MH0371	Euryarchaeota	1
MH0371	Firmicutes	14
MH0371	Firmicutes_A	90
MH0371	Firmicutes_C	1
MH0371	Proteobacteria	5
MH0372	Actinobacteriota	7
MH0372	Bacteroidota	26
MH0372	Firmicutes	8
MH0372	Firmicutes_A	45
MH0372	Firmicutes_C	1
MH0372	Proteobacteria	1
MH0373	Actinobacteriota	2
MH0373	Bacteroidota	25
MH0373	Desulfobacterota_A	1
MH0373	Euryarchaeota	1
MH0373	Firmicutes	13
MH0373	Firmicutes_A	61
MH0373	Verrucomicrobiota	3
MH0374	Actinobacteriota	2
MH0374	Bacteroidota	25
MH0374	Euryarchaeota	1
MH0374	Firmicutes	11
MH0374	Firmicutes_A	92
MH0374	Firmicutes_C	3
MH0374	Proteobacteria	1
MH0375	Actinobacteriota	2
MH0375	Bacteroidota	40
MH0375	Desulfobacterota_A	1
MH0375	Firmicutes	3
MH0375	Firmicutes_A	43
MH0375	Firmicutes_C	1
MH0375	Proteobacteria	2
MH0375	Verrucomicrobiota	1
MH0376	Actinobacteriota	3
MH0376	Bacteroidota	36
MH0376	Euryarchaeota	1
MH0376	Firmicutes	11
MH0376	Firmicutes_A	80
MH0376	Firmicutes_C	2
MH0376	Proteobacteria	6
MH0376	Verrucomicrobiota	1
MH0377	Actinobacteriota	1
MH0377	Bacteroidota	40
MH0377	Cyanobacteria	1
MH0377	Desulfobacterota_A	1
MH0377	Euryarchaeota	1
MH0377	Firmicutes	17
MH0377	Firmicutes_A	70
MH0377	Firmicutes_C	2
MH0377	Proteobacteria	4
MH0377	Verrucomicrobiota	1
MH0378	Actinobacteriota	1
MH0378	Bacteroidota	32
MH0378	Cyanobacteria	3
MH0378	Desulfobacterota_A	1
MH0378	Firmicutes	9
MH0378	Firmicutes_A	70
MH0378	Firmicutes_C	1
MH0378	Proteobacteria	4
MH0381	Actinobacteriota	1
MH0381	Bacteroidota	31
MH0381	Cyanobacteria	1
MH0381	Firmicutes	9
MH0381	Firmicutes_A	80
MH0381	Firmicutes_C	1
MH0381	Proteobacteria	4
MH0381	Verrucomicrobiota	1
MH0382	Actinobacteriota	7
MH0382	Bacteroidota	31
MH0382	Desulfobacterota_A	1
MH0382	Firmicutes	2
MH0382	Firmicutes_A	70
MH0382	Firmicutes_C	2
MH0382	Proteobacteria	3
MH0382	Verrucomicrobiota	1
MH0383	Actinobacteriota	3
MH0383	Bacteroidota	29
MH0383	Firmicutes	17
MH0383	Firmicutes_A	52
MH0383	Firmicutes_C	6
MH0383	Proteobacteria	2
MH0384	Actinobacteriota	1
MH0384	Bacteroidota	36
MH0384	Firmicutes	12
MH0384	Firmicutes_A	69
MH0384	Proteobacteria	2
MH0385	Bacteroidota	42
MH0385	Cyanobacteria	4
MH0385	Desulfobacterota_A	1
MH0385	Firmicutes	15
MH0385	Firmicutes_A	79
MH0385	Firmicutes_C	1
MH0385	Proteobacteria	5
MH0385	Verrucomicrobiota	1
MH0386	Actinobacteriota	1
MH0386	Bacteroidota	39
MH0386	Cyanobacteria	1
MH0386	Firmicutes	9
MH0386	Firmicutes_A	83
MH0386	Firmicutes_C	1
MH0386	Proteobacteria	5
MH0386	Spirochaetota	1
MH0387	Actinobacteriota	5
MH0387	Bacteroidota	30
MH0387	Desulfobacterota_A	1
MH0387	Firmicutes	3
MH0387	Firmicutes_A	48
MH0387	Firmicutes_C	2
MH0387	Proteobacteria	3
MH0388	Actinobacteriota	5
MH0388	Bacteroidota	32
MH0388	Desulfobacterota_A	2
MH0388	Firmicutes	3
MH0388	Firmicutes_A	55
MH0388	Firmicutes_C	6
MH0388	Proteobacteria	9
MH0389	Actinobacteriota	1
MH0389	Bacteroidota	37
MH0389	Desulfobacterota_A	1
MH0389	Euryarchaeota	1
MH0389	Firmicutes	5
MH0389	Firmicutes_A	72
MH0389	Firmicutes_C	1
MH0389	Proteobacteria	4
MH0389	Verrucomicrobiota	1
MH0390	Actinobacteriota	2
MH0390	Bacteroidota	33
MH0390	Desulfobacterota_A	2
MH0390	Euryarchaeota	1
MH0390	Firmicutes	17
MH0390	Firmicutes_A	83
MH0390	Firmicutes_C	1
MH0390	Proteobacteria	3
MH0391	Actinobacteriota	1
MH0391	Bacteroidota	36
MH0391	Desulfobacterota_A	1
MH0391	Euryarchaeota	1
MH0391	Firmicutes	11
MH0391	Firmicutes_A	73
MH0391	Firmicutes_C	1
MH0391	Proteobacteria	5
MH0391	Verrucomicrobiota	1
MH0393	Actinobacteriota	5
MH0393	Bacteroidota	27
MH0393	Desulfobacterota_A	2
MH0393	Firmicutes	15
MH0393	Firmicutes_A	41
MH0393	Firmicutes_C	7
MH0393	Proteobacteria	2
MH0393	Verrucomicrobiota	1
MH0395	Actinobacteriota	3
MH0395	Bacteroidota	32
MH0395	Firmicutes	12
MH0395	Firmicutes_A	85
MH0395	Firmicutes_C	1
MH0395	Proteobacteria	2
MH0395	Thermoplasmatota	1
MH0395	Verrucomicrobiota	3
MH0396	Actinobacteriota	3
MH0396	Bacteroidota	22
MH0396	Euryarchaeota	1
MH0396	Firmicutes	4
MH0396	Firmicutes_A	81
MH0396	Firmicutes_C	2
MH0396	Proteobacteria	4
MH0397	Actinobacteriota	1
MH0397	Bacteroidota	21
MH0397	Desulfobacterota_A	1
MH0397	Firmicutes	7
MH0397	Firmicutes_A	88
MH0397	Firmicutes_C	1
MH0397	Proteobacteria	4
MH0397	Verrucomicrobiota	1
MH0399	Actinobacteriota	7
MH0399	Bacteroidota	38
MH0399	Desulfobacterota_A	1
MH0399	Euryarchaeota	1
MH0399	Firmicutes	10
MH0399	Firmicutes_A	89
MH0399	Firmicutes_C	1
MH0399	Proteobacteria	4
MH0399	Synergistota	1
MH0399	Thermoplasmatota	1
MH0399	Verrucomicrobiota	2
MH0402	Actinobacteriota	2
MH0402	Bacteroidota	32
MH0402	Euryarchaeota	1
MH0402	Firmicutes	17
MH0402	Firmicutes_A	92
MH0402	Firmicutes_C	2
MH0402	Proteobacteria	4
MH0402	Verrucomicrobiota	2
MH0404	Bacteroidota	41
MH0404	Cyanobacteria	1
MH0404	Desulfobacterota_A	1
MH0404	Firmicutes	5
MH0404	Firmicutes_A	59
MH0404	Firmicutes_C	1
MH0404	Proteobacteria	4
MH0404	Verrucomicrobiota	1
MH0408	Actinobacteriota	3
MH0408	Bacteroidota	34
MH0408	Cyanobacteria	3
MH0408	Euryarchaeota	1
MH0408	Firmicutes	14
MH0408	Firmicutes_A	91
MH0408	Firmicutes_C	1
MH0408	Proteobacteria	12
MH0408	Verrucomicrobiota	1
MH0410	Actinobacteriota	5
MH0410	Bacteroidota	29
MH0410	Cyanobacteria	1
MH0410	Firmicutes	4
MH0410	Firmicutes_A	61
MH0410	Firmicutes_C	1
MH0410	Proteobacteria	1
MH0414	Bacteroidota	32
MH0414	Firmicutes	5
MH0414	Firmicutes_A	46
MH0414	Firmicutes_C	2
MH0414	Proteobacteria	2
MH0414	Verrucomicrobiota	1
MH0416	Actinobacteriota	4
MH0416	Bacteroidota	34
MH0416	Desulfobacterota_A	1
MH0416	Firmicutes	10
MH0416	Firmicutes_A	86
MH0416	Firmicutes_C	1
MH0416	Proteobacteria	3
MH0416	Spirochaetota	1
MH0416	Verrucomicrobiota	2
MH0418	Actinobacteriota	3
MH0418	Bacteroidota	37
MH0418	Cyanobacteria	2
MH0418	Desulfobacterota_A	1
MH0418	Firmicutes	3
MH0418	Firmicutes_A	80
MH0418	Firmicutes_C	2
MH0418	Proteobacteria	5
MH0421	Actinobacteriota	1
MH0421	Bacteroidota	33
MH0421	Cyanobacteria	2
MH0421	Desulfobacterota_A	1
MH0421	Firmicutes	11
MH0421	Firmicutes_A	86
MH0421	Firmicutes_C	1
MH0421	Proteobacteria	9
MH0429	Actinobacteriota	2
MH0429	Bacteroidota	43
MH0429	Cyanobacteria	1
MH0429	Desulfobacterota_A	1
MH0429	Firmicutes	4
MH0429	Firmicutes_A	76
MH0429	Firmicutes_C	2
MH0429	Proteobacteria	2
MH0429	Verrucomicrobiota	1
MH0430	Actinobacteriota	5
MH0430	Bacteroidota	33
MH0430	Cyanobacteria	1
MH0430	Desulfobacterota_A	1
MH0430	Firmicutes	19
MH0430	Firmicutes_A	75
MH0430	Firmicutes_C	6
MH0430	Proteobacteria	2
MH0430	Verrucomicrobiota	1
MH0433	Actinobacteriota	4
MH0433	Bacteroidota	33
MH0433	Cyanobacteria	1
MH0433	Desulfobacterota_A	1
MH0433	Firmicutes	10
MH0433	Firmicutes_A	69
MH0433	Firmicutes_C	1
MH0433	Proteobacteria	9
MH0436	Bacteroidota	42
MH0436	Firmicutes	14
MH0436	Firmicutes_A	78
MH0436	Firmicutes_C	3
MH0436	Proteobacteria	3
MH0442	Actinobacteriota	7
MH0442	Bacteroidota	32
MH0442	Cyanobacteria	1
MH0442	Desulfobacterota_A	2
MH0442	Euryarchaeota	2
MH0442	Firmicutes	7
MH0442	Firmicutes_A	107
MH0442	Firmicutes_C	3
MH0442	Proteobacteria	4
MH0442	Verrucomicrobiota	1
MH0444	Bacteroidota	24
MH0444	Desulfobacterota_A	1
MH0444	Firmicutes	2
MH0444	Firmicutes_A	37
MH0444	Firmicutes_C	1
MH0444	Proteobacteria	4
MH0451	Actinobacteriota	6
MH0451	Bacteroidota	36
MH0451	Cyanobacteria	1
MH0451	Desulfobacterota_A	1
MH0451	Firmicutes	15
MH0451	Firmicutes_A	90
MH0451	Firmicutes_C	1
MH0451	Proteobacteria	7
MH0451	Thermoplasmatota	1
MH0451	Verrucomicrobiota	1
NG5425286	Actinobacteriota	2
NG5425286	Bacteroidota	12
NG5425286	Firmicutes_A	27
NG5425286	Firmicutes_C	1
NG5425286	Verrucomicrobiota	1
NG5425485	Bacteroidota	5
NG5425485	Firmicutes	3
NG5425485	Firmicutes_A	31
NG5425485	Firmicutes_C	1
NG5425550	Actinobacteriota	1
NG5425550	Bacteroidota	17
NG5425550	Firmicutes	5
NG5425550	Firmicutes_A	21
NG5425550	Proteobacteria	1
NG5636118	Actinobacteriota	1
NG5636118	Bacteroidota	28
NG5636118	Cyanobacteria	1
NG5636118	Firmicutes	6
NG5636118	Firmicutes_A	75
NG5636118	Firmicutes_C	1
NG5636118	Proteobacteria	4
NG5636118	Verrucomicrobiota	1
NG5636121	Actinobacteriota	4
NG5636121	Bacteroidota	23
NG5636121	Firmicutes	9
NG5636121	Firmicutes_A	71
NG5636121	Firmicutes_C	1
NG5636121	Proteobacteria	2
NG5636126	Actinobacteriota	6
NG5636126	Bacteroidota	27
NG5636126	Desulfobacterota_A	1
NG5636126	Euryarchaeota	2
NG5636126	Firmicutes	13
NG5636126	Firmicutes_A	71
NG5636126	Firmicutes_C	1
NG5636126	Verrucomicrobiota	1
NG5636146	Actinobacteriota	5
NG5636146	Bacteroidota	19
NG5636146	Firmicutes	7
NG5636146	Firmicutes_A	64
NG5636146	Firmicutes_C	1
NG5636146	Proteobacteria	1
NG5636158	Actinobacteriota	7
NG5636158	Bacteroidota	25
NG5636158	Desulfobacterota_A	1
NG5636158	Euryarchaeota	1
NG5636158	Firmicutes	1
NG5636158	Firmicutes_A	69
NG5636158	Firmicutes_C	2
NG5636158	Proteobacteria	1
NG5636158	Verrucomicrobiota	1
NG5636224	Bacteroidota	22
NG5636224	Euryarchaeota	1
NG5636224	Firmicutes	10
NG5636224	Firmicutes_A	68
NG5636224	Firmicutes_C	1
NG5636224	Proteobacteria	1
NG5636225	Actinobacteriota	2
NG5636225	Bacteroidota	17
NG5636225	Firmicutes	4
NG5636225	Firmicutes_A	61
NG5636225	Firmicutes_C	1
NG5636225	Verrucomicrobiota	1
NG5636235	Actinobacteriota	4
NG5636235	Bacteroidota	17
NG5636235	Firmicutes	9
NG5636235	Firmicutes_A	36
NG5636235	Firmicutes_C	2
NG5636235	Proteobacteria	1
NG5636235	Verrucomicrobiota	1
NG5636244	Actinobacteriota	4
NG5636244	Bacteroidota	20
NG5636244	Firmicutes	6
NG5636244	Firmicutes_A	47
NG5636244	Firmicutes_C	1
NG5636244	Proteobacteria	1
NG5636269	Actinobacteriota	2
NG5636269	Bacteroidota	15
NG5636269	Firmicutes	8
NG5636269	Firmicutes_A	52
NG5636269	Firmicutes_C	2
NG5636269	Verrucomicrobiota	1
NG5636278	Actinobacteriota	4
NG5636278	Bacteroidota	33
NG5636278	Cyanobacteria	1
NG5636278	Euryarchaeota	1
NG5636278	Firmicutes	14
NG5636278	Firmicutes_A	71
NG5636278	Firmicutes_C	1
NG5636278	Proteobacteria	2
NG5636278	Verrucomicrobiota	1
NG5636288	Actinobacteriota	1
NG5636288	Bacteroidota	15
NG5636288	Firmicutes	3
NG5636288	Firmicutes_A	45
NG5636288	Firmicutes_C	1
NG5636288	Proteobacteria	1
NG5636288	Verrucomicrobiota	1
NG5636304	Actinobacteriota	6
NG5636304	Bacteroidota	20
NG5636304	Firmicutes	3
NG5636304	Firmicutes_A	42
NG5636304	Firmicutes_C	2
NG5636312	Actinobacteriota	18
NG5636312	Bacteroidota	21
NG5636312	Desulfobacterota_A	1
NG5636312	Firmicutes	32
NG5636312	Firmicutes_A	72
NG5636312	Firmicutes_C	2
NG5636312	Proteobacteria	5
NG5636332	Actinobacteriota	5
NG5636332	Bacteroidota	8
NG5636332	Euryarchaeota	1
NG5636332	Firmicutes	8
NG5636332	Firmicutes_A	60
NG5636332	Firmicutes_C	1
NG5636332	Verrucomicrobiota	1
NG5636334	Actinobacteriota	6
NG5636334	Cyanobacteria	1
NG5636334	Firmicutes	4
NG5636334	Firmicutes_A	48
NG5636344	Actinobacteriota	1
NG5636344	Bacteroidota	25
NG5636344	Firmicutes	5
NG5636344	Firmicutes_A	42
NG5636344	Firmicutes_C	1
NG5636344	Verrucomicrobiota	1
NG5636349	Actinobacteriota	4
NG5636349	Bacteroidota	21
NG5636349	Firmicutes	7
NG5636349	Firmicutes_A	59
NG5636349	Firmicutes_C	2
NG5636350	Actinobacteriota	6
NG5636350	Bacteroidota	16
NG5636350	Euryarchaeota	1
NG5636350	Firmicutes	7
NG5636350	Firmicutes_A	64
NG5636350	Firmicutes_C	1
NG5636350	Verrucomicrobiota	1
NG5636372	Actinobacteriota	5
NG5636372	Bacteroidota	13
NG5636372	Firmicutes	3
NG5636372	Firmicutes_A	54
NG5636372	Firmicutes_C	1
NG5636378	Actinobacteriota	1
NG5636378	Bacteroidota	31
NG5636378	Euryarchaeota	1
NG5636378	Firmicutes	11
NG5636378	Firmicutes_A	81
NG5636378	Firmicutes_C	1
NG5636378	Proteobacteria	2
NG5636380	Actinobacteriota	1
NG5636380	Bacteroidota	11
NG5636380	Euryarchaeota	1
NG5636380	Firmicutes	10
NG5636380	Firmicutes_A	48
NG5636380	Firmicutes_C	2
NG5636380	Verrucomicrobiota	3
NG5636384	Actinobacteriota	6
NG5636384	Bacteroidota	13
NG5636384	Firmicutes	16
NG5636384	Firmicutes_A	52
NG5636384	Firmicutes_C	4
NG5636397	Bacteroidota	17
NG5636397	Euryarchaeota	2
NG5636397	Firmicutes	4
NG5636397	Firmicutes_A	42
NG5636397	Firmicutes_C	1
NG5636397	Verrucomicrobiota	1
NG5636421	Actinobacteriota	4
NG5636421	Bacteroidota	15
NG5636421	Firmicutes	9
NG5636421	Firmicutes_A	71
NG5636421	Firmicutes_C	3
NG5636422	Actinobacteriota	8
NG5636422	Bacteroidota	24
NG5636422	Desulfobacterota_A	2
NG5636422	Euryarchaeota	1
NG5636422	Firmicutes	18
NG5636422	Firmicutes_A	88
NG5636422	Firmicutes_C	7
NG5636432	Actinobacteriota	5
NG5636432	Bacteroidota	24
NG5636432	Desulfobacterota_A	1
NG5636432	Firmicutes	9
NG5636432	Firmicutes_A	69
NG5636432	Firmicutes_C	1
NG5636434	Actinobacteriota	4
NG5636434	Bacteroidota	23
NG5636434	Desulfobacterota_A	2
NG5636434	Firmicutes	3
NG5636434	Firmicutes_A	62
NG5636434	Firmicutes_C	2
NG5636434	Verrucomicrobiota	1
NG5636436	Actinobacteriota	2
NG5636436	Bacteroidota	25
NG5636436	Cyanobacteria	1
NG5636436	Desulfobacterota_A	1
NG5636436	Euryarchaeota	1
NG5636436	Firmicutes	9
NG5636436	Firmicutes_A	81
NG5636436	Firmicutes_C	1
NG5636436	Proteobacteria	1
NG5636436	Verrucomicrobiota	1
NG5636439	Actinobacteriota	4
NG5636439	Bacteroidota	17
NG5636439	Firmicutes	5
NG5636439	Firmicutes_A	51
NG5636439	Firmicutes_C	1
NG5636439	Verrucomicrobiota	1
NG5636457	Actinobacteriota	9
NG5636457	Bacteroidota	24
NG5636457	Firmicutes	18
NG5636457	Firmicutes_A	70
NG5636457	Firmicutes_C	3
NG5636458	Actinobacteriota	11
NG5636458	Bacteroidota	22
NG5636458	Desulfobacterota_A	2
NG5636458	Euryarchaeota	1
NG5636458	Firmicutes	11
NG5636458	Firmicutes_A	89
NG5636458	Firmicutes_C	3
NG5636458	Proteobacteria	1
NG5636458	Spirochaetota	1
NG5636458	Verrucomicrobiota	1
NG5636462	Actinobacteriota	3
NG5636462	Bacteroidota	26
NG5636462	Desulfobacterota_A	1
NG5636462	Euryarchaeota	1
NG5636462	Firmicutes	11
NG5636462	Firmicutes_A	90
NG5636462	Firmicutes_C	2
NG5636462	Proteobacteria	3
NG5636462	Verrucomicrobiota	1
NG5636472	Actinobacteriota	3
NG5636472	Bacteroidota	14
NG5636472	Firmicutes	6
NG5636472	Firmicutes_A	65
NG5636472	Firmicutes_C	1
NG5636479	Actinobacteriota	7
NG5636479	Bacteroidota	5
NG5636479	Euryarchaeota	1
NG5636479	Firmicutes	9
NG5636479	Firmicutes_A	85
NG5636479	Firmicutes_C	2
NG5636483	Actinobacteriota	2
NG5636483	Bacteroidota	29
NG5636483	Desulfobacterota_A	1
NG5636483	Firmicutes	6
NG5636483	Firmicutes_A	72
NG5636483	Firmicutes_C	2
NG5636483	Proteobacteria	1
NG5636484	Actinobacteriota	2
NG5636484	Bacteroidota	29
NG5636484	Desulfobacterota_A	1
NG5636484	Firmicutes	13
NG5636484	Firmicutes_A	65
NG5636484	Firmicutes_C	3
NG5636484	Proteobacteria	2
NG5636495	Actinobacteriota	8
NG5636495	Bacteroidota	30
NG5636495	Desulfobacterota_A	1
NG5636495	Firmicutes	9
NG5636495	Firmicutes_A	81
NG5636495	Firmicutes_C	2
NG5636495	Proteobacteria	1
NG5636495	Verrucomicrobiota	3
NG5636497	Actinobacteriota	7
NG5636497	Bacteroidota	36
NG5636497	Cyanobacteria	1
NG5636497	Euryarchaeota	1
NG5636497	Firmicutes	15
NG5636497	Firmicutes_A	83
NG5636497	Firmicutes_C	1
NG5636497	Proteobacteria	1
NG5636497	Verrucomicrobiota	1
NG5636524	Actinobacteriota	7
NG5636524	Bacteroidota	26
NG5636524	Euryarchaeota	1
NG5636524	Firmicutes	8
NG5636524	Firmicutes_A	73
NG5636524	Firmicutes_C	1
NG5636524	Verrucomicrobiota	1
NG5636536	Actinobacteriota	8
NG5636536	Bacteroidota	17
NG5636536	Euryarchaeota	1
NG5636536	Firmicutes	6
NG5636536	Firmicutes_A	42
NG5636536	Firmicutes_C	2
NG5636536	Proteobacteria	1
NG563654	Actinobacteriota	2
NG563654	Bacteroidota	23
NG563654	Euryarchaeota	2
NG563654	Firmicutes	7
NG563654	Firmicutes_A	72
NG563654	Firmicutes_C	1
NG563654	Verrucomicrobiota	1
NG5636551	Actinobacteriota	4
NG5636551	Bacteroidota	24
NG5636551	Firmicutes	7
NG5636551	Firmicutes_A	78
NG5636551	Firmicutes_C	2
NG5636551	Proteobacteria	2
NG5636551	Verrucomicrobiota	1
NG5636552	Actinobacteriota	7
NG5636552	Bacteroidota	21
NG5636552	Desulfobacterota_A	1
NG5636552	Euryarchaeota	1
NG5636552	Firmicutes	6
NG5636552	Firmicutes_A	61
NG5636552	Firmicutes_C	1
NG5636552	Verrucomicrobiota	1
NG5636558	Actinobacteriota	5
NG5636558	Bacteroidota	24
NG5636558	Euryarchaeota	2
NG5636558	Firmicutes	14
NG5636558	Firmicutes_A	64
NG5636558	Firmicutes_C	1
NG5636558	Verrucomicrobiota	1
NG5636577	Actinobacteriota	5
NG5636577	Bacteroidota	15
NG5636577	Euryarchaeota	1
NG5636577	Firmicutes	4
NG5636577	Firmicutes_A	62
NG5636577	Firmicutes_C	1
NG5636577	Proteobacteria	2
NG5636577	Verrucomicrobiota	1
NG563658	Actinobacteriota	5
NG563658	Bacteroidota	21
NG563658	Euryarchaeota	1
NG563658	Firmicutes	8
NG563658	Firmicutes_A	56
NG563658	Firmicutes_C	1
NG563658	Proteobacteria	1
NG563658	Verrucomicrobiota	1
NG5636587	Actinobacteriota	4
NG5636587	Bacteroidota	21
NG5636587	Firmicutes	11
NG5636587	Firmicutes_A	59
NG5636587	Firmicutes_C	1
NG5636587	Proteobacteria	1
NG563660	Actinobacteriota	6
NG563660	Bacteroidota	22
NG563660	Desulfobacterota_A	1
NG563660	Euryarchaeota	1
NG563660	Firmicutes	5
NG563660	Firmicutes_A	82
NG563660	Firmicutes_C	2
NG563660	Proteobacteria	2
NG563660	Verrucomicrobiota	1
NG5636604	Actinobacteriota	4
NG5636604	Bacteroidota	7
NG5636604	Firmicutes	11
NG5636604	Firmicutes_A	27
NG5636604	Proteobacteria	1
NG5636604	Verrucomicrobiota	1
NG5636628	Bacteroidota	28
NG5636628	Cyanobacteria	1
NG5636628	Euryarchaeota	1
NG5636628	Firmicutes	9
NG5636628	Firmicutes_A	50
NG5636628	Firmicutes_C	1
NG5636628	Proteobacteria	2
NG5636646	Actinobacteriota	1
NG5636646	Bacteroidota	13
NG5636646	Firmicutes	3
NG5636646	Firmicutes_A	31
NG5636646	Firmicutes_C	2
NG5636655	Actinobacteriota	4
NG5636655	Bacteroidota	15
NG5636655	Firmicutes	4
NG5636655	Firmicutes_A	42
NG5636655	Firmicutes_C	1
NG563692	Actinobacteriota	1
NG563692	Bacteroidota	5
NG563692	Firmicutes	4
NG563692	Firmicutes_A	53
NG563692	Firmicutes_C	1
NG563692	Proteobacteria	2
NG563692	Verrucomicrobiota	1
